Name,Link
"Accent neighborhood in Des Moines, IA",http://www.city-data.com/neighborhood/Accent-Des-Moines-IA.html
"Airport Crossroads neighborhood in Des Moines, IA",http://www.city-data.com/neighborhood/Airport-Crossroads-Des-Moines-IA.html
"Airport Heights neighborhood in Des Moines, IA",http://www.city-data.com/neighborhood/Airport-Heights-Des-Moines-IA.html
"Allen (Bloomfield) neighborhood in Des Moines, IA",http://www.city-data.com/neighborhood/Allen-Des-Moines-IA.html
"Allen Park neighborhood in Des Moines, IA",http://www.city-data.com/neighborhood/Allen-Park-Des-Moines-IA.html
"Alta Vista neighborhood in Des Moines, IA",http://www.city-data.com/neighborhood/Alta-Vista-Des-Moines-IA.html
"Andy's Place neighborhood in Des Moines, IA",http://www.city-data.com/neighborhood/Andy-s-Place-Des-Moines-IA.html
"Apple Valley neighborhood in Des Moines, IA",http://www.city-data.com/neighborhood/Apple-Valley-Des-Moines-IA.html
"Arbor Peaks neighborhood in Des Moines, IA",http://www.city-data.com/neighborhood/Arbor-Peaks-Des-Moines-IA.html
"Arthur Avenue Heights neighborhood in Des Moines, IA",http://www.city-data.com/neighborhood/Arthur-Avenue-Heights-Des-Moines-IA.html
"Ashawa Estates neighborhood in West Des Moines, IA",http://www.city-data.com/neighborhood/Ashawa-Estates-West-Des-Moines-IA.html
"Ashbrook neighborhood in Des Moines, IA",http://www.city-data.com/neighborhood/Ashbrook-Des-Moines-IA.html
"Ashby Manor neighborhood in Des Moines, IA",http://www.city-data.com/neighborhood/Ashby-Manor-Des-Moines-IA.html
"Ashby Woods neighborhood in Des Moines, IA",http://www.city-data.com/neighborhood/Ashby-Woods-Des-Moines-IA.html
"Ashworth Estates neighborhood in West Des Moines, IA",http://www.city-data.com/neighborhood/Ashworth-Estates-West-Des-Moines-IA.html
"Ashworth Hills neighborhood in West Des Moines, IA",http://www.city-data.com/neighborhood/Ashworth-Hills-West-Des-Moines-IA.html
"Ashworth Oaks neighborhood in Des Moines, IA",http://www.city-data.com/neighborhood/Ashworth-Oaks-Des-Moines-IA.html
"Auburn Heights neighborhood in Des Moines, IA",http://www.city-data.com/neighborhood/Auburn-Heights-Des-Moines-IA.html
"Bacon Acres neighborhood in Des Moines, IA",http://www.city-data.com/neighborhood/Bacon-Acres-Des-Moines-IA.html
"Ballpark Heights neighborhood in Des Moines, IA",http://www.city-data.com/neighborhood/Ballpark-Heights-Des-Moines-IA.html
"Barrington Estates neighborhood in West Des Moines, IA",http://www.city-data.com/neighborhood/Barrington-Estates-West-Des-Moines-IA.html
"Beaver Glen neighborhood in Des Moines, IA",http://www.city-data.com/neighborhood/Beaver-Glen-Des-Moines-IA.html
"Beaver Heights neighborhood in Des Moines, IA",http://www.city-data.com/neighborhood/Beaver-Heights-Des-Moines-IA.html
"Beaver Hills neighborhood in Des Moines, IA",http://www.city-data.com/neighborhood/Beaver-Hills-Des-Moines-IA.html
"Beaver Oaks neighborhood in Des Moines, IA",http://www.city-data.com/neighborhood/Beaver-Oaks-Des-Moines-IA.html
"Beaver Park neighborhood in Des Moines, IA",http://www.city-data.com/neighborhood/Beaver-Park-Des-Moines-IA.html
"Beaver Ridge neighborhood in Des Moines, IA",http://www.city-data.com/neighborhood/Beaver-Ridge-Des-Moines-IA.html
"Beaver Woods neighborhood in Des Moines, IA",http://www.city-data.com/neighborhood/Beaver-Woods-Des-Moines-IA.html
"Beaverdale neighborhood in Des Moines, IA",http://www.city-data.com/neighborhood/Beaverdale-Des-Moines-IA.html
"Beaverdale Gardens neighborhood in Des Moines, IA",http://www.city-data.com/neighborhood/Beaverdale-Gardens-Des-Moines-IA.html
"Bechtold Heights neighborhood in Des Moines, IA",http://www.city-data.com/neighborhood/Bechtold-Heights-Des-Moines-IA.html
"Beener Plaza neighborhood in Des Moines, IA",http://www.city-data.com/neighborhood/Beener-Plaza-Des-Moines-IA.html
"Bel Aire neighborhood in Des Moines, IA",http://www.city-data.com/neighborhood/Bel-Aire-Des-Moines-IA.html
"Belnor Heights neighborhood in Des Moines, IA",http://www.city-data.com/neighborhood/Belnor-Heights-Des-Moines-IA.html
"Berwick Heights neighborhood in Des Moines, IA",http://www.city-data.com/neighborhood/Berwick-Heights-Des-Moines-IA.html
"Bethany Heights neighborhood in Des Moines, IA",http://www.city-data.com/neighborhood/Bethany-Heights-Des-Moines-IA.html
"Bethel Heights neighborhood in Des Moines, IA",http://www.city-data.com/neighborhood/Bethel-Heights-Des-Moines-IA.html
"Beverly Hills neighborhood in West Des Moines, IA",http://www.city-data.com/neighborhood/Beverly-Hills-West-Des-Moines-IA.html
"Bianchi Knolls neighborhood in Des Moines, IA",http://www.city-data.com/neighborhood/Bianchi-Knolls-Des-Moines-IA.html
"Bloomfield neighborhood in Des Moines, IA",http://www.city-data.com/neighborhood/Bloomfield-Des-Moines-IA.html
"Blue Creek neighborhood in West Des Moines, IA",http://www.city-data.com/neighborhood/Blue-Creek-West-Des-Moines-IA.html
"Boesen Gardens neighborhood in Des Moines, IA",http://www.city-data.com/neighborhood/Boesen-Gardens-Des-Moines-IA.html
"Bonnie-Lea Acres neighborhood in West Des Moines, IA",http://www.city-data.com/neighborhood/Bonnie-Lea-Acres-West-Des-Moines-IA.html
"Boulder Ridge neighborhood in Des Moines, IA",http://www.city-data.com/neighborhood/Boulder-Ridge-Des-Moines-IA.html
"Briarwood Heights neighborhood in Des Moines, IA",http://www.city-data.com/neighborhood/Briarwood-Heights-Des-Moines-IA.html
"Brightwell Plaza neighborhood in Des Moines, IA",http://www.city-data.com/neighborhood/Brightwell-Plaza-Des-Moines-IA.html
"Broadacre neighborhood in Des Moines, IA",http://www.city-data.com/neighborhood/Broadacre-Des-Moines-IA.html
"Broadmoor neighborhood in Des Moines, IA",http://www.city-data.com/neighborhood/Broadmoor-Des-Moines-IA.html
"Broadway Acres neighborhood in Des Moines, IA",http://www.city-data.com/neighborhood/Broadway-Acres-Des-Moines-IA.html
"Brook Run neighborhood in Des Moines, IA",http://www.city-data.com/neighborhood/Brook-Run-Des-Moines-IA.html
"Brookfield neighborhood in Des Moines, IA",http://www.city-data.com/neighborhood/Brookfield-Des-Moines-IA.html
"Brookline Heights neighborhood in Des Moines, IA",http://www.city-data.com/neighborhood/Brookline-Heights-Des-Moines-IA.html
"Brookmont Acres neighborhood in Des Moines, IA",http://www.city-data.com/neighborhood/Brookmont-Acres-Des-Moines-IA.html
"Brooks neighborhood in Des Moines, IA",http://www.city-data.com/neighborhood/Brooks-Des-Moines-IA.html
"Brown's Woods neighborhood in Des Moines, IA",http://www.city-data.com/neighborhood/Brown-s-Woods-Des-Moines-IA.html
"Brownstone Estates neighborhood in Des Moines, IA",http://www.city-data.com/neighborhood/Brownstone-Estates-Des-Moines-IA.html
"Bryn Mawr neighborhood in Des Moines, IA",http://www.city-data.com/neighborhood/Bryn-Mawr-Des-Moines-IA.html
"Burke-Wood neighborhood in Des Moines, IA",http://www.city-data.com/neighborhood/Burke-Wood-Des-Moines-IA.html
"Burkhardt Heights neighborhood in Des Moines, IA",http://www.city-data.com/neighborhood/Burkhardt-Heights-Des-Moines-IA.html
"Busch's Heights neighborhood in Des Moines, IA",http://www.city-data.com/neighborhood/Busch-s-Heights-Des-Moines-IA.html
"Calrich Estates neighborhood in Des Moines, IA",http://www.city-data.com/neighborhood/Calrich-Estates-Des-Moines-IA.html
"Camelot South neighborhood in Des Moines, IA",http://www.city-data.com/neighborhood/Camelot-South-Des-Moines-IA.html
"Campbell Heights neighborhood in Des Moines, IA",http://www.city-data.com/neighborhood/Campbell-Heights-Des-Moines-IA.html
"Campus Park neighborhood in Des Moines, IA",http://www.city-data.com/neighborhood/Campus-Park-Des-Moines-IA.html
"Capital neighborhood in Des Moines, IA",http://www.city-data.com/neighborhood/Capital-Des-Moines-IA.html
"Capitol East neighborhood in Des Moines, IA",http://www.city-data.com/neighborhood/Capitol-East-Des-Moines-IA.html
"Capitol Heights neighborhood in Des Moines, IA",http://www.city-data.com/neighborhood/Capitol-Heights-Des-Moines-IA.html
"Capitol Park neighborhood in Des Moines, IA",http://www.city-data.com/neighborhood/Capitol-Park-Des-Moines-IA.html
"Capitol View Acres neighborhood in Des Moines, IA",http://www.city-data.com/neighborhood/Capitol-View-Acres-Des-Moines-IA.html
"Carman Estates neighborhood in Des Moines, IA",http://www.city-data.com/neighborhood/Carman-Estates-Des-Moines-IA.html
"Carmel Heights neighborhood in Des Moines, IA",http://www.city-data.com/neighborhood/Carmel-Heights-Des-Moines-IA.html
"Carmichael Heights neighborhood in Des Moines, IA",http://www.city-data.com/neighborhood/Carmichael-Heights-Des-Moines-IA.html
"Carpenter neighborhood in Des Moines, IA",http://www.city-data.com/neighborhood/Carpenter-Des-Moines-IA.html
"Carter Estates neighborhood in Des Moines, IA",http://www.city-data.com/neighborhood/Carter-Estates-Des-Moines-IA.html
"Casady's Druid Hill Park neighborhood in Des Moines, IA",http://www.city-data.com/neighborhood/Casady-s-Druid-Hill-Park-Des-Moines-IA.html
"Cass Brentwood neighborhood in Des Moines, IA",http://www.city-data.com/neighborhood/Cass-Brentwood-Des-Moines-IA.html
"Cedar Knolls neighborhood in Des Moines, IA",http://www.city-data.com/neighborhood/Cedar-Knolls-Des-Moines-IA.html
"Cedar Pointe neighborhood in Des Moines, IA",http://www.city-data.com/neighborhood/Cedar-Pointe-Des-Moines-IA.html
"Central Park neighborhood in Des Moines, IA",http://www.city-data.com/neighborhood/Central-Park-Des-Moines-IA.html
"Chamberlain Heights neighborhood in Des Moines, IA",http://www.city-data.com/neighborhood/Chamberlain-Heights-Des-Moines-IA.html
"Charter Oak neighborhood in Des Moines, IA",http://www.city-data.com/neighborhood/Charter-Oak-Des-Moines-IA.html
"Chautauqua Park neighborhood in Des Moines, IA",http://www.city-data.com/neighborhood/Chautauqua-Park-Des-Moines-IA.html
"Cheatom Park neighborhood in Des Moines, IA",http://www.city-data.com/neighborhood/Cheatom-Park-Des-Moines-IA.html
"Cherry Croft Place neighborhood in Des Moines, IA",http://www.city-data.com/neighborhood/Cherry-Croft-Place-Des-Moines-IA.html
"Chesterfield neighborhood in Des Moines, IA",http://www.city-data.com/neighborhood/Chesterfield-Des-Moines-IA.html
"Churchdale neighborhood in Des Moines, IA",http://www.city-data.com/neighborhood/Churchdale-Des-Moines-IA.html
"City Center neighborhood in Des Moines, IA",http://www.city-data.com/neighborhood/City-Center-Des-Moines-IA.html
"City View neighborhood in Des Moines, IA",http://www.city-data.com/neighborhood/City-View-Des-Moines-IA.html
"Civic Estates neighborhood in West Des Moines, IA",http://www.city-data.com/neighborhood/Civic-Estates-West-Des-Moines-IA.html
"Clarkson Place neighborhood in Des Moines, IA",http://www.city-data.com/neighborhood/Clarkson-Place-Des-Moines-IA.html
"Clegg Park neighborhood in Des Moines, IA",http://www.city-data.com/neighborhood/Clegg-Park-Des-Moines-IA.html
"Cliffside neighborhood in Des Moines, IA",http://www.city-data.com/neighborhood/Cliffside-Des-Moines-IA.html
"Clifton Heights neighborhood in Des Moines, IA",http://www.city-data.com/neighborhood/Clifton-Heights-Des-Moines-IA.html
"Clover Hills neighborhood in West Des Moines, IA",http://www.city-data.com/neighborhood/Clover-Hills-West-Des-Moines-IA.html
"Colby Acres neighborhood in Des Moines, IA",http://www.city-data.com/neighborhood/Colby-Acres-Des-Moines-IA.html
"Colby's Office Park neighborhood in West Des Moines, IA",http://www.city-data.com/neighborhood/Colby-s-Office-Park-West-Des-Moines-IA.html
"College neighborhood in Des Moines, IA",http://www.city-data.com/neighborhood/College-Des-Moines-IA.html
"Colonial Acres neighborhood in Des Moines, IA",http://www.city-data.com/neighborhood/Colonial-Acres-Des-Moines-IA.html
"Colonial Gardens neighborhood in Des Moines, IA",http://www.city-data.com/neighborhood/Colonial-Gardens-Des-Moines-IA.html
"Colonial Heights neighborhood in West Des Moines, IA",http://www.city-data.com/neighborhood/Colonial-Heights-West-Des-Moines-IA.html
"Colonial Village neighborhood in West Des Moines, IA",http://www.city-data.com/neighborhood/Colonial-Village-West-Des-Moines-IA.html
"Columbia Heights neighborhood in Des Moines, IA",http://www.city-data.com/neighborhood/Columbia-Heights-Des-Moines-IA.html
"Columbus Park (Mckinley School) neighborhood in Des Moines, IA",http://www.city-data.com/neighborhood/Columbus-Park-Des-Moines-IA.html
"Community at Arbor Lake neighborhood in Des Moines, IA",http://www.city-data.com/neighborhood/Community-at-Arbor-Lake-Des-Moines-IA.html
"Constitution Hills neighborhood in Des Moines, IA",http://www.city-data.com/neighborhood/Constitution-Hills-Des-Moines-IA.html
"Cornell Heights neighborhood in Des Moines, IA",http://www.city-data.com/neighborhood/Cornell-Heights-Des-Moines-IA.html
"Cotton Mill neighborhood in Des Moines, IA",http://www.city-data.com/neighborhood/Cotton-Mill-Des-Moines-IA.html
"Country Club Estates neighborhood in West Des Moines, IA",http://www.city-data.com/neighborhood/Country-Club-Estates-West-Des-Moines-IA.html
"Country Club Knolls neighborhood in Des Moines, IA",http://www.city-data.com/neighborhood/Country-Club-Knolls-Des-Moines-IA.html
"Country Side Estates neighborhood in Des Moines, IA",http://www.city-data.com/neighborhood/Country-Side-Estates-Des-Moines-IA.html
"Country Side neighborhood in West Des Moines, IA",http://www.city-data.com/neighborhood/Country-Side-West-Des-Moines-IA.html
"Courtland Heights neighborhood in Des Moines, IA",http://www.city-data.com/neighborhood/Courtland-Heights-Des-Moines-IA.html
"Crown Flair neighborhood in West Des Moines, IA",http://www.city-data.com/neighborhood/Crown-Flair-West-Des-Moines-IA.html
"Crown Heights neighborhood in Des Moines, IA",http://www.city-data.com/neighborhood/Crown-Heights-Des-Moines-IA.html
"Culver Ridge Estates neighborhood in Des Moines, IA",http://www.city-data.com/neighborhood/Culver-Ridge-Estates-Des-Moines-IA.html
"Curtis Bluff Park neighborhood in Des Moines, IA",http://www.city-data.com/neighborhood/Curtis-Bluff-Park-Des-Moines-IA.html
"Dailey's Woods neighborhood in Des Moines, IA",http://www.city-data.com/neighborhood/Dailey-s-Woods-Des-Moines-IA.html
"Debra Heights neighborhood in Des Moines, IA",http://www.city-data.com/neighborhood/Debra-Heights-Des-Moines-IA.html
"Debra Park neighborhood in Des Moines, IA",http://www.city-data.com/neighborhood/Debra-Park-Des-Moines-IA.html
"Deerfoot Acres neighborhood in Des Moines, IA",http://www.city-data.com/neighborhood/Deerfoot-Acres-Des-Moines-IA.html
"Demoine neighborhood in Des Moines, IA",http://www.city-data.com/neighborhood/Demoine-Des-Moines-IA.html
"Dewey Heights neighborhood in Des Moines, IA",http://www.city-data.com/neighborhood/Dewey-Heights-Des-Moines-IA.html
"Diagonal Acres neighborhood in Des Moines, IA",http://www.city-data.com/neighborhood/Diagonal-Acres-Des-Moines-IA.html
"Dodge Heights neighborhood in Des Moines, IA",http://www.city-data.com/neighborhood/Dodge-Heights-Des-Moines-IA.html
"Doudna Heights neighborhood in Des Moines, IA",http://www.city-data.com/neighborhood/Doudna-Heights-Des-Moines-IA.html
"Douglas Acres neighborhood in Des Moines, IA",http://www.city-data.com/neighborhood/Douglas-Acres-Des-Moines-IA.html
"Downtown Des Moines neighborhood in Des Moines, IA",http://www.city-data.com/neighborhood/Downtown-Des-Moines-Des-Moines-IA.html
"Downtown neighborhood in Des Moines, IA",http://www.city-data.com/neighborhood/Downtown-Des-Moines-IA.html
"Downtown Farmers Market neighborhood in Des Moines, IA",http://www.city-data.com/neighborhood/Downtown-Farmers-Market-Des-Moines-IA.html
"Drake neighborhood in Des Moines, IA",http://www.city-data.com/neighborhood/Drake-Des-Moines-IA.html
"Drake Park neighborhood in Des Moines, IA",http://www.city-data.com/neighborhood/Drake-Park-Des-Moines-IA.html
"Drake University neighborhood in Des Moines, IA",http://www.city-data.com/neighborhood/Drake-University-Des-Moines-IA.html
"Earlwood Acres neighborhood in Des Moines, IA",http://www.city-data.com/neighborhood/Earlwood-Acres-Des-Moines-IA.html
"East Capital Park neighborhood in Des Moines, IA",http://www.city-data.com/neighborhood/East-Capital-Park-Des-Moines-IA.html
"East End neighborhood in Des Moines, IA",http://www.city-data.com/neighborhood/East-End-Des-Moines-IA.html
"East Fort Des Moines neighborhood in Des Moines, IA",http://www.city-data.com/neighborhood/East-Fort-Des-Moines-Des-Moines-IA.html
"East Village neighborhood in Des Moines, IA",http://www.city-data.com/neighborhood/East-Village-Des-Moines-IA.html
"Easter Lake neighborhood in Des Moines, IA",http://www.city-data.com/neighborhood/Easter-Lake-Des-Moines-IA.html
"Eastwood Village neighborhood in Des Moines, IA",http://www.city-data.com/neighborhood/Eastwood-Village-Des-Moines-IA.html
"Edgewater neighborhood in Des Moines, IA",http://www.city-data.com/neighborhood/Edgewater-Des-Moines-IA.html
"Edgewood Park neighborhood in Des Moines, IA",http://www.city-data.com/neighborhood/Edgewood-Park-Des-Moines-IA.html
"Ellis Heights neighborhood in Des Moines, IA",http://www.city-data.com/neighborhood/Ellis-Heights-Des-Moines-IA.html
"Elm Grove neighborhood in Des Moines, IA",http://www.city-data.com/neighborhood/Elm-Grove-Des-Moines-IA.html
"Elmcrest neighborhood in Des Moines, IA",http://www.city-data.com/neighborhood/Elmcrest-Des-Moines-IA.html
"Elmwood Park neighborhood in Des Moines, IA",http://www.city-data.com/neighborhood/Elmwood-Park-Des-Moines-IA.html
"Ernhurst Woods neighborhood in Des Moines, IA",http://www.city-data.com/neighborhood/Ernhurst-Woods-Des-Moines-IA.html
"Estey Heights neighborhood in Des Moines, IA",http://www.city-data.com/neighborhood/Estey-Heights-Des-Moines-IA.html
"Euclid Heights neighborhood in Des Moines, IA",http://www.city-data.com/neighborhood/Euclid-Heights-Des-Moines-IA.html
"Euclid Terrace neighborhood in Des Moines, IA",http://www.city-data.com/neighborhood/Euclid-Terrace-Des-Moines-IA.html
"Evergreen neighborhood in Des Moines, IA",http://www.city-data.com/neighborhood/Evergreen-Des-Moines-IA.html
"Ewing Woods neighborhood in Des Moines, IA",http://www.city-data.com/neighborhood/Ewing-Woods-Des-Moines-IA.html
"Fagen Park neighborhood in Des Moines, IA",http://www.city-data.com/neighborhood/Fagen-Park-Des-Moines-IA.html
"Fagen Place neighborhood in Des Moines, IA",http://www.city-data.com/neighborhood/Fagen-Place-Des-Moines-IA.html
"Fair Oaks neighborhood in Des Moines, IA",http://www.city-data.com/neighborhood/Fair-Oaks-Des-Moines-IA.html
"Fairacres neighborhood in Des Moines, IA",http://www.city-data.com/neighborhood/Fairacres-Des-Moines-IA.html
"Fairfield neighborhood in Des Moines, IA",http://www.city-data.com/neighborhood/Fairfield-Des-Moines-IA.html
"Fairground neighborhood in Des Moines, IA",http://www.city-data.com/neighborhood/Fairground-Des-Moines-IA.html
"Fairground Estates neighborhood in Des Moines, IA",http://www.city-data.com/neighborhood/Fairground-Estates-Des-Moines-IA.html
"Fairlawn neighborhood in Des Moines, IA",http://www.city-data.com/neighborhood/Fairlawn-Des-Moines-IA.html
"Fairmont Park neighborhood in Des Moines, IA",http://www.city-data.com/neighborhood/Fairmont-Park-Des-Moines-IA.html
"Fairmount Hills neighborhood in Des Moines, IA",http://www.city-data.com/neighborhood/Fairmount-Hills-Des-Moines-IA.html
"Fairview neighborhood in Des Moines, IA",http://www.city-data.com/neighborhood/Fairview-Des-Moines-IA.html
"Fairview Heights neighborhood in Des Moines, IA",http://www.city-data.com/neighborhood/Fairview-Heights-Des-Moines-IA.html
"Fiscel Heights neighborhood in Des Moines, IA",http://www.city-data.com/neighborhood/Fiscel-Heights-Des-Moines-IA.html
"Fisher Field neighborhood in Des Moines, IA",http://www.city-data.com/neighborhood/Fisher-Field-Des-Moines-IA.html
"Five Oaks neighborhood in Des Moines, IA",http://www.city-data.com/neighborhood/Five-Oaks-Des-Moines-IA.html
"Fleetwood neighborhood in Des Moines, IA",http://www.city-data.com/neighborhood/Fleetwood-Des-Moines-IA.html
"Flint Hills neighborhood in Des Moines, IA",http://www.city-data.com/neighborhood/Flint-Hills-Des-Moines-IA.html
"Floral Hill neighborhood in Des Moines, IA",http://www.city-data.com/neighborhood/Floral-Hill-Des-Moines-IA.html
"Forest Hills neighborhood in Des Moines, IA",http://www.city-data.com/neighborhood/Forest-Hills-Des-Moines-IA.html
"Forest Park neighborhood in Des Moines, IA",http://www.city-data.com/neighborhood/Forest-Park-Des-Moines-IA.html
"Forest Park neighborhood in Des Moines, IA",http://www.city-data.com/neighborhood/Forest-Park-Des-Moines-IA.html
"Forestdale neighborhood in Des Moines, IA",http://www.city-data.com/neighborhood/Forestdale-Des-Moines-IA.html
"Four Mile neighborhood in Des Moines, IA",http://www.city-data.com/neighborhood/Four-Mile-Des-Moines-IA.html
"Freehold neighborhood in Des Moines, IA",http://www.city-data.com/neighborhood/Freehold-Des-Moines-IA.html
"Frisbie Park neighborhood in Des Moines, IA",http://www.city-data.com/neighborhood/Frisbie-Park-Des-Moines-IA.html
"Garden neighborhood in Des Moines, IA",http://www.city-data.com/neighborhood/Garden-Des-Moines-IA.html
"Gardena Heights neighborhood in Des Moines, IA",http://www.city-data.com/neighborhood/Gardena-Heights-Des-Moines-IA.html
"Garton West neighborhood in Des Moines, IA",http://www.city-data.com/neighborhood/Garton-West-Des-Moines-IA.html
"Ghrists Woods neighborhood in Des Moines, IA",http://www.city-data.com/neighborhood/Ghrists-Woods-Des-Moines-IA.html
"Glen Echo neighborhood in Des Moines, IA",http://www.city-data.com/neighborhood/Glen-Echo-Des-Moines-IA.html
"Glen Oaks neighborhood in Des Moines, IA",http://www.city-data.com/neighborhood/Glen-Oaks-Des-Moines-IA.html
"Glen Oaks neighborhood in West Des Moines, IA",http://www.city-data.com/neighborhood/Glen-Oaks-West-Des-Moines-IA.html
"Glenora Heights neighborhood in Des Moines, IA",http://www.city-data.com/neighborhood/Glenora-Heights-Des-Moines-IA.html
"Goldridge neighborhood in Des Moines, IA",http://www.city-data.com/neighborhood/Goldridge-Des-Moines-IA.html
"Golf  Country Club neighborhood in West Des Moines, IA",http://www.city-data.com/neighborhood/Golf--Country-Club-West-Des-Moines-IA.html
"Goode Heights neighborhood in Des Moines, IA",http://www.city-data.com/neighborhood/Goode-Heights-Des-Moines-IA.html
"Governor's Square neighborhood in Des Moines, IA",http://www.city-data.com/neighborhood/Governor-s-Square-Des-Moines-IA.html
"Granada Gardens neighborhood in Des Moines, IA",http://www.city-data.com/neighborhood/Granada-Gardens-Des-Moines-IA.html
"Grand Avenue Heights neighborhood in Des Moines, IA",http://www.city-data.com/neighborhood/Grand-Avenue-Heights-Des-Moines-IA.html
"Grand Avenue Waterbury neighborhood in Des Moines, IA",http://www.city-data.com/neighborhood/Grand-Avenue-Waterbury-Des-Moines-IA.html
"Grand Oaks neighborhood in West Des Moines, IA",http://www.city-data.com/neighborhood/Grand-Oaks-West-Des-Moines-IA.html
"Grand Park neighborhood in Des Moines, IA",http://www.city-data.com/neighborhood/Grand-Park-Des-Moines-IA.html
"Grand View neighborhood in Des Moines, IA",http://www.city-data.com/neighborhood/Grand-View-Des-Moines-IA.html
"Grand View neighborhood in Des Moines, IA",http://www.city-data.com/neighborhood/Grand-View-Des-Moines-IA.html
"Grand View neighborhood in Des Moines, IA",http://www.city-data.com/neighborhood/Grand-View-Des-Moines-IA.html
"Grand View Heights neighborhood in Des Moines, IA",http://www.city-data.com/neighborhood/Grand-View-Heights-Des-Moines-IA.html
"Grand Woods neighborhood in West Des Moines, IA",http://www.city-data.com/neighborhood/Grand-Woods-West-Des-Moines-IA.html
"Grandshire neighborhood in Des Moines, IA",http://www.city-data.com/neighborhood/Grandshire-Des-Moines-IA.html
"Grandshire Estates neighborhood in Des Moines, IA",http://www.city-data.com/neighborhood/Grandshire-Estates-Des-Moines-IA.html
"Grant Park neighborhood in Des Moines, IA",http://www.city-data.com/neighborhood/Grant-Park-Des-Moines-IA.html
"Grassmere neighborhood in Des Moines, IA",http://www.city-data.com/neighborhood/Grassmere-Des-Moines-IA.html
"Gray Heights neighborhood in Des Moines, IA",http://www.city-data.com/neighborhood/Gray-Heights-Des-Moines-IA.html
"Gray's Wood neighborhood in Des Moines, IA",http://www.city-data.com/neighborhood/Gray-s-Wood-Des-Moines-IA.html
"Greater South Side neighborhood in Des Moines, IA",http://www.city-data.com/neighborhood/Greater-South-Side-Des-Moines-IA.html
"Green Ridge Knolls neighborhood in Des Moines, IA",http://www.city-data.com/neighborhood/Green-Ridge-Knolls-Des-Moines-IA.html
"Greenwood neighborhood in Des Moines, IA",http://www.city-data.com/neighborhood/Greenwood-Des-Moines-IA.html
"Greenwood Historic neighborhood in Des Moines, IA",http://www.city-data.com/neighborhood/Greenwood-Historic-Des-Moines-IA.html
"Grove Park neighborhood in Des Moines, IA",http://www.city-data.com/neighborhood/Grove-Park-Des-Moines-IA.html
"Gurnas Heights neighborhood in Des Moines, IA",http://www.city-data.com/neighborhood/Gurnas-Heights-Des-Moines-IA.html
"Haines Park neighborhood in Des Moines, IA",http://www.city-data.com/neighborhood/Haines-Park-Des-Moines-IA.html
"Hallett Acres neighborhood in Des Moines, IA",http://www.city-data.com/neighborhood/Hallett-Acres-Des-Moines-IA.html
"Harding Heights neighborhood in Des Moines, IA",http://www.city-data.com/neighborhood/Harding-Heights-Des-Moines-IA.html
"Harlan Park neighborhood in Des Moines, IA",http://www.city-data.com/neighborhood/Harlan-Park-Des-Moines-IA.html
"Hawkeye Sunrise neighborhood in Des Moines, IA",http://www.city-data.com/neighborhood/Hawkeye-Sunrise-Des-Moines-IA.html
"Heatherwood neighborhood in West Des Moines, IA",http://www.city-data.com/neighborhood/Heatherwood-West-Des-Moines-IA.html
"Hiatt Square neighborhood in Des Moines, IA",http://www.city-data.com/neighborhood/Hiatt-Square-Des-Moines-IA.html
"Hickman Highlands neighborhood in Des Moines, IA",http://www.city-data.com/neighborhood/Hickman-Highlands-Des-Moines-IA.html
"Hickory Ridge neighborhood in West Des Moines, IA",http://www.city-data.com/neighborhood/Hickory-Ridge-West-Des-Moines-IA.html
"Hidden Creek neighborhood in West Des Moines, IA",http://www.city-data.com/neighborhood/Hidden-Creek-West-Des-Moines-IA.html
"Highland Gardens neighborhood in Des Moines, IA",http://www.city-data.com/neighborhood/Highland-Gardens-Des-Moines-IA.html
"Highland Hills neighborhood in Des Moines, IA",http://www.city-data.com/neighborhood/Highland-Hills-Des-Moines-IA.html
"Highland Park neighborhood in Des Moines, IA",http://www.city-data.com/neighborhood/Highland-Park-Des-Moines-IA.html
"Hillcrest neighborhood in Des Moines, IA",http://www.city-data.com/neighborhood/Hillcrest-Des-Moines-IA.html
"Hillside Heights neighborhood in Des Moines, IA",http://www.city-data.com/neighborhood/Hillside-Heights-Des-Moines-IA.html
"Historic Valley Junction neighborhood in Des Moines, IA",http://www.city-data.com/neighborhood/Historic-Valley-Junction-Des-Moines-IA.html
"Hollandale neighborhood in Des Moines, IA",http://www.city-data.com/neighborhood/Hollandale-Des-Moines-IA.html
"Hollywood neighborhood in Des Moines, IA",http://www.city-data.com/neighborhood/Hollywood-Des-Moines-IA.html
"Homestead Acres neighborhood in Des Moines, IA",http://www.city-data.com/neighborhood/Homestead-Acres-Des-Moines-IA.html
"Homestead Manor neighborhood in Des Moines, IA",http://www.city-data.com/neighborhood/Homestead-Manor-Des-Moines-IA.html
"Hurd's Hickory Heights neighborhood in Des Moines, IA",http://www.city-data.com/neighborhood/Hurd-s-Hickory-Heights-Des-Moines-IA.html
"Hydepark neighborhood in Des Moines, IA",http://www.city-data.com/neighborhood/Hydepark-Des-Moines-IA.html
"Hyperion Park neighborhood in Des Moines, IA",http://www.city-data.com/neighborhood/Hyperion-Park-Des-Moines-IA.html
"Indianola Hills neighborhood in Des Moines, IA",http://www.city-data.com/neighborhood/Indianola-Hills-Des-Moines-IA.html
"Ingersoll Oaks neighborhood in Des Moines, IA",http://www.city-data.com/neighborhood/Ingersoll-Oaks-Des-Moines-IA.html
"Ingersoll Park neighborhood in Des Moines, IA",http://www.city-data.com/neighborhood/Ingersoll-Park-Des-Moines-IA.html
"Ingle-Wold neighborhood in Des Moines, IA",http://www.city-data.com/neighborhood/Ingle-Wold-Des-Moines-IA.html
"Ingleside neighborhood in Des Moines, IA",http://www.city-data.com/neighborhood/Ingleside-Des-Moines-IA.html
"Jefferson Heights neighborhood in Des Moines, IA",http://www.city-data.com/neighborhood/Jefferson-Heights-Des-Moines-IA.html
"Jefferson Park neighborhood in Des Moines, IA",http://www.city-data.com/neighborhood/Jefferson-Park-Des-Moines-IA.html
"Johnson-Smith Heights neighborhood in Des Moines, IA",http://www.city-data.com/neighborhood/Johnson-Smith-Heights-Des-Moines-IA.html
"Jordan Glen neighborhood in West Des Moines, IA",http://www.city-data.com/neighborhood/Jordan-Glen-West-Des-Moines-IA.html
"Jordan Grove neighborhood in West Des Moines, IA",http://www.city-data.com/neighborhood/Jordan-Grove-West-Des-Moines-IA.html
"Jordan Manor neighborhood in Des Moines, IA",http://www.city-data.com/neighborhood/Jordan-Manor-Des-Moines-IA.html
"Jordan Park neighborhood in West Des Moines, IA",http://www.city-data.com/neighborhood/Jordan-Park-West-Des-Moines-IA.html
"Jordan Pointe neighborhood in West Des Moines, IA",http://www.city-data.com/neighborhood/Jordan-Pointe-West-Des-Moines-IA.html
"Joy Heights neighborhood in Des Moines, IA",http://www.city-data.com/neighborhood/Joy-Heights-Des-Moines-IA.html
"Kemming Acres neighborhood in Des Moines, IA",http://www.city-data.com/neighborhood/Kemming-Acres-Des-Moines-IA.html
"Kendallwood neighborhood in Des Moines, IA",http://www.city-data.com/neighborhood/Kendallwood-Des-Moines-IA.html
"Kenmore neighborhood in Des Moines, IA",http://www.city-data.com/neighborhood/Kenmore-Des-Moines-IA.html
"Kimble Acres neighborhood in Des Moines, IA",http://www.city-data.com/neighborhood/Kimble-Acres-Des-Moines-IA.html
"King-irving Park neighborhood in Des Moines, IA",http://www.city-data.com/neighborhood/King-irving-Park-Des-Moines-IA.html
"Kingman Acres neighborhood in Des Moines, IA",http://www.city-data.com/neighborhood/Kingman-Acres-Des-Moines-IA.html
"Kingman Highlands neighborhood in Des Moines, IA",http://www.city-data.com/neighborhood/Kingman-Highlands-Des-Moines-IA.html
"Kingman Place neighborhood in Des Moines, IA",http://www.city-data.com/neighborhood/Kingman-Place-Des-Moines-IA.html
"Kingman Place Historic District neighborhood in Des Moines, IA",http://www.city-data.com/neighborhood/Kingman-Place-Historic-District-Des-Moines-IA.html
"Kingsdale neighborhood in Des Moines, IA",http://www.city-data.com/neighborhood/Kingsdale-Des-Moines-IA.html
"Kirkwood Glen neighborhood in Des Moines, IA",http://www.city-data.com/neighborhood/Kirkwood-Glen-Des-Moines-IA.html
"Kirkwood Heights neighborhood in Des Moines, IA",http://www.city-data.com/neighborhood/Kirkwood-Heights-Des-Moines-IA.html
"Knollwood neighborhood in Des Moines, IA",http://www.city-data.com/neighborhood/Knollwood-Des-Moines-IA.html
"Lafayette Square neighborhood in Des Moines, IA",http://www.city-data.com/neighborhood/Lafayette-Square-Des-Moines-IA.html
"Lake Park neighborhood in Des Moines, IA",http://www.city-data.com/neighborhood/Lake-Park-Des-Moines-IA.html
"Laurel Hill neighborhood in Des Moines, IA",http://www.city-data.com/neighborhood/Laurel-Hill-Des-Moines-IA.html
"Lawn Arbor neighborhood in Des Moines, IA",http://www.city-data.com/neighborhood/Lawn-Arbor-Des-Moines-IA.html
"Lawnwoods neighborhood in Des Moines, IA",http://www.city-data.com/neighborhood/Lawnwoods-Des-Moines-IA.html
"Lesan Heights neighborhood in Des Moines, IA",http://www.city-data.com/neighborhood/Lesan-Heights-Des-Moines-IA.html
"Leverett Park neighborhood in Des Moines, IA",http://www.city-data.com/neighborhood/Leverett-Park-Des-Moines-IA.html
"Lincoln Park neighborhood in Des Moines, IA",http://www.city-data.com/neighborhood/Lincoln-Park-Des-Moines-IA.html
"Lincoln Place neighborhood in Des Moines, IA",http://www.city-data.com/neighborhood/Lincoln-Place-Des-Moines-IA.html
"Linden Heights neighborhood in Des Moines, IA",http://www.city-data.com/neighborhood/Linden-Heights-Des-Moines-IA.html
"Linwood Park neighborhood in Des Moines, IA",http://www.city-data.com/neighborhood/Linwood-Park-Des-Moines-IA.html
"Lockhart Park neighborhood in Des Moines, IA",http://www.city-data.com/neighborhood/Lockhart-Park-Des-Moines-IA.html
"Longacre neighborhood in Des Moines, IA",http://www.city-data.com/neighborhood/Longacre-Des-Moines-IA.html
"Longley neighborhood in Des Moines, IA",http://www.city-data.com/neighborhood/Longley-Des-Moines-IA.html
"Lower Beaver neighborhood in Des Moines, IA",http://www.city-data.com/neighborhood/Lower-Beaver-Des-Moines-IA.html
"Lynner Heights neighborhood in Des Moines, IA",http://www.city-data.com/neighborhood/Lynner-Heights-Des-Moines-IA.html
"Lyons Park neighborhood in Des Moines, IA",http://www.city-data.com/neighborhood/Lyons-Park-Des-Moines-IA.html
"M.l. King Jr. Park neighborhood in Des Moines, IA",http://www.city-data.com/neighborhood/M.l.-King-Jr.-Park-Des-Moines-IA.html
"Magnolia Park neighborhood in Des Moines, IA",http://www.city-data.com/neighborhood/Magnolia-Park-Des-Moines-IA.html
"Maplenol Heights neighborhood in West Des Moines, IA",http://www.city-data.com/neighborhood/Maplenol-Heights-West-Des-Moines-IA.html
"Mapleton neighborhood in Des Moines, IA",http://www.city-data.com/neighborhood/Mapleton-Des-Moines-IA.html
"Market Gardens neighborhood in Des Moines, IA",http://www.city-data.com/neighborhood/Market-Gardens-Des-Moines-IA.html
"Marric Trails neighborhood in Des Moines, IA",http://www.city-data.com/neighborhood/Marric-Trails-Des-Moines-IA.html
"Martha Hall Heights neighborhood in Des Moines, IA",http://www.city-data.com/neighborhood/Martha-Hall-Heights-Des-Moines-IA.html
"Mary Oaks neighborhood in Des Moines, IA",http://www.city-data.com/neighborhood/Mary-Oaks-Des-Moines-IA.html
"Maryland Heights neighborhood in West Des Moines, IA",http://www.city-data.com/neighborhood/Maryland-Heights-West-Des-Moines-IA.html
"Maryland Park neighborhood in Des Moines, IA",http://www.city-data.com/neighborhood/Maryland-Park-Des-Moines-IA.html
"Maryland Triangle neighborhood in West Des Moines, IA",http://www.city-data.com/neighborhood/Maryland-Triangle-West-Des-Moines-IA.html
"McKinley Heights neighborhood in Des Moines, IA",http://www.city-data.com/neighborhood/McKinley-Heights-Des-Moines-IA.html
"Meadow Brook neighborhood in West Des Moines, IA",http://www.city-data.com/neighborhood/Meadow-Brook-West-Des-Moines-IA.html
"Meadow Point neighborhood in West Des Moines, IA",http://www.city-data.com/neighborhood/Meadow-Point-West-Des-Moines-IA.html
"Meadow Rose neighborhood in Des Moines, IA",http://www.city-data.com/neighborhood/Meadow-Rose-Des-Moines-IA.html
"Meadow Vista neighborhood in West Des Moines, IA",http://www.city-data.com/neighborhood/Meadow-Vista-West-Des-Moines-IA.html
"Meadowland neighborhood in Des Moines, IA",http://www.city-data.com/neighborhood/Meadowland-Des-Moines-IA.html
"Meredith neighborhood in Des Moines, IA",http://www.city-data.com/neighborhood/Meredith-Des-Moines-IA.html
"Merle Hay neighborhood in Des Moines, IA",http://www.city-data.com/neighborhood/Merle-Hay-Des-Moines-IA.html
"Mesa Park neighborhood in Des Moines, IA",http://www.city-data.com/neighborhood/Mesa-Park-Des-Moines-IA.html
"Middlesex neighborhood in Des Moines, IA",http://www.city-data.com/neighborhood/Middlesex-Des-Moines-IA.html
"Miller Heights neighborhood in Des Moines, IA",http://www.city-data.com/neighborhood/Miller-Heights-Des-Moines-IA.html
"Mitchell-Hawkins Estates neighborhood in Des Moines, IA",http://www.city-data.com/neighborhood/Mitchell-Hawkins-Estates-Des-Moines-IA.html
"Mondamin Presidential neighborhood in Des Moines, IA",http://www.city-data.com/neighborhood/Mondamin-Presidential-Des-Moines-IA.html
"Monterey Park neighborhood in Des Moines, IA",http://www.city-data.com/neighborhood/Monterey-Park-Des-Moines-IA.html
"Morningside neighborhood in Des Moines, IA",http://www.city-data.com/neighborhood/Morningside-Des-Moines-IA.html
"Morton View neighborhood in Des Moines, IA",http://www.city-data.com/neighborhood/Morton-View-Des-Moines-IA.html
"Mountain Place neighborhood in West Des Moines, IA",http://www.city-data.com/neighborhood/Mountain-Place-West-Des-Moines-IA.html
"Murray Hill neighborhood in Des Moines, IA",http://www.city-data.com/neighborhood/Murray-Hill-Des-Moines-IA.html
"Murrow Hill neighborhood in West Des Moines, IA",http://www.city-data.com/neighborhood/Murrow-Hill-West-Des-Moines-IA.html
"Murrowdale neighborhood in West Des Moines, IA",http://www.city-data.com/neighborhood/Murrowdale-West-Des-Moines-IA.html
"Newby Acres neighborhood in Des Moines, IA",http://www.city-data.com/neighborhood/Newby-Acres-Des-Moines-IA.html
"North Des Moines neighborhood in Des Moines, IA",http://www.city-data.com/neighborhood/North-Des-Moines-Des-Moines-IA.html
"North Madison Park neighborhood in Des Moines, IA",http://www.city-data.com/neighborhood/North-Madison-Park-Des-Moines-IA.html
"North Oak Park neighborhood in Des Moines, IA",http://www.city-data.com/neighborhood/North-Oak-Park-Des-Moines-IA.html
"North Of Grand neighborhood in Des Moines, IA",http://www.city-data.com/neighborhood/North-Of-Grand-Des-Moines-IA.html
"North University Park neighborhood in Des Moines, IA",http://www.city-data.com/neighborhood/North-University-Park-Des-Moines-IA.html
"North Washington Place neighborhood in Des Moines, IA",http://www.city-data.com/neighborhood/North-Washington-Place-Des-Moines-IA.html
"Northacre neighborhood in Des Moines, IA",http://www.city-data.com/neighborhood/Northacre-Des-Moines-IA.html
"Northmoreland neighborhood in Des Moines, IA",http://www.city-data.com/neighborhood/Northmoreland-Des-Moines-IA.html
"Northwestern Heights neighborhood in Des Moines, IA",http://www.city-data.com/neighborhood/Northwestern-Heights-Des-Moines-IA.html
"Norwood Park neighborhood in Des Moines, IA",http://www.city-data.com/neighborhood/Norwood-Park-Des-Moines-IA.html
"Nuttall Acres neighborhood in West Des Moines, IA",http://www.city-data.com/neighborhood/Nuttall-Acres-West-Des-Moines-IA.html
"Oak Groves neighborhood in Des Moines, IA",http://www.city-data.com/neighborhood/Oak-Groves-Des-Moines-IA.html
"Oak Heights neighborhood in Des Moines, IA",http://www.city-data.com/neighborhood/Oak-Heights-Des-Moines-IA.html
"Oak Hill neighborhood in Des Moines, IA",http://www.city-data.com/neighborhood/Oak-Hill-Des-Moines-IA.html
"Oak-Lawn neighborhood in Des Moines, IA",http://www.city-data.com/neighborhood/Oak-Lawn-Des-Moines-IA.html
"Oak Park neighborhood in Des Moines, IA",http://www.city-data.com/neighborhood/Oak-Park-Des-Moines-IA.html
"Oakland neighborhood in Des Moines, IA",http://www.city-data.com/neighborhood/Oakland-Des-Moines-IA.html
"Oakland Heights neighborhood in Des Moines, IA",http://www.city-data.com/neighborhood/Oakland-Heights-Des-Moines-IA.html
"Oakridge neighborhood in Des Moines, IA",http://www.city-data.com/neighborhood/Oakridge-Des-Moines-IA.html
"Old Orchard Beach neighborhood in Des Moines, IA",http://www.city-data.com/neighborhood/Old-Orchard-Beach-Des-Moines-IA.html
"Out-Look Park neighborhood in Des Moines, IA",http://www.city-data.com/neighborhood/Out-Look-Park-Des-Moines-IA.html
"Owl's Head Estates neighborhood in Des Moines, IA",http://www.city-data.com/neighborhood/Owl-s-Head-Estates-Des-Moines-IA.html
"Owl's Head Historic District neighborhood in Des Moines, IA",http://www.city-data.com/neighborhood/Owl-s-Head-Historic-District-Des-Moines-IA.html
"Park Fair Heights neighborhood in Des Moines, IA",http://www.city-data.com/neighborhood/Park-Fair-Heights-Des-Moines-IA.html
"Park Fleur Plaza neighborhood in Des Moines, IA",http://www.city-data.com/neighborhood/Park-Fleur-Plaza-Des-Moines-IA.html
"Park Forest neighborhood in Des Moines, IA",http://www.city-data.com/neighborhood/Park-Forest-Des-Moines-IA.html
"Park View neighborhood in Des Moines, IA",http://www.city-data.com/neighborhood/Park-View-Des-Moines-IA.html
"Parkhaven neighborhood in West Des Moines, IA",http://www.city-data.com/neighborhood/Parkhaven-West-Des-Moines-IA.html
"Pine Grove neighborhood in West Des Moines, IA",http://www.city-data.com/neighborhood/Pine-Grove-West-Des-Moines-IA.html
"Pinehurst neighborhood in Des Moines, IA",http://www.city-data.com/neighborhood/Pinehurst-Des-Moines-IA.html
"Pioneer Place neighborhood in Des Moines, IA",http://www.city-data.com/neighborhood/Pioneer-Place-Des-Moines-IA.html
"Pittsburgh-Des Moines Place neighborhood in Clive, IA",http://www.city-data.com/neighborhood/Pittsburgh-Des-Moines-Place-Clive-IA.html
"Polk  Hubbell Park neighborhood in Des Moines, IA",http://www.city-data.com/neighborhood/Polk--Hubbell-Park-Des-Moines-IA.html
"Ponderosa Valley neighborhood in West Des Moines, IA",http://www.city-data.com/neighborhood/Ponderosa-Valley-West-Des-Moines-IA.html
"Ponderosa neighborhood in West Des Moines, IA",http://www.city-data.com/neighborhood/Ponderosa-West-Des-Moines-IA.html
"Prospect Park neighborhood in Des Moines, IA",http://www.city-data.com/neighborhood/Prospect-Park-Des-Moines-IA.html
"Pursley Estate neighborhood in Des Moines, IA",http://www.city-data.com/neighborhood/Pursley-Estate-Des-Moines-IA.html
"Quail Cove neighborhood in West Des Moines, IA",http://www.city-data.com/neighborhood/Quail-Cove-West-Des-Moines-IA.html
"Quail Meadows neighborhood in West Des Moines, IA",http://www.city-data.com/neighborhood/Quail-Meadows-West-Des-Moines-IA.html
"Quail Park neighborhood in West Des Moines, IA",http://www.city-data.com/neighborhood/Quail-Park-West-Des-Moines-IA.html
"Quail Vista neighborhood in West Des Moines, IA",http://www.city-data.com/neighborhood/Quail-Vista-West-Des-Moines-IA.html
"Richmond Heights neighborhood in Des Moines, IA",http://www.city-data.com/neighborhood/Richmond-Heights-Des-Moines-IA.html
"Ridgeway neighborhood in West Des Moines, IA",http://www.city-data.com/neighborhood/Ridgeway-West-Des-Moines-IA.html
"Rising Sun neighborhood in Des Moines, IA",http://www.city-data.com/neighborhood/Rising-Sun-Des-Moines-IA.html
"River Bend neighborhood in Des Moines, IA",http://www.city-data.com/neighborhood/River-Bend-Des-Moines-IA.html
"River Hills neighborhood in Des Moines, IA",http://www.city-data.com/neighborhood/River-Hills-Des-Moines-IA.html
"River Oaks neighborhood in Des Moines, IA",http://www.city-data.com/neighborhood/River-Oaks-Des-Moines-IA.html
"River Point West neighborhood in Des Moines, IA",http://www.city-data.com/neighborhood/River-Point-West-Des-Moines-IA.html
"River Woods neighborhood in Des Moines, IA",http://www.city-data.com/neighborhood/River-Woods-Des-Moines-IA.html
"Riverview Park neighborhood in Des Moines, IA",http://www.city-data.com/neighborhood/Riverview-Park-Des-Moines-IA.html
"Robel Heights neighborhood in West Des Moines, IA",http://www.city-data.com/neighborhood/Robel-Heights-West-Des-Moines-IA.html
"Roosevelt Park neighborhood in Des Moines, IA",http://www.city-data.com/neighborhood/Roosevelt-Park-Des-Moines-IA.html
"Rose Hill Manor neighborhood in Des Moines, IA",http://www.city-data.com/neighborhood/Rose-Hill-Manor-Des-Moines-IA.html
"Rutherfurd Heights neighborhood in Des Moines, IA",http://www.city-data.com/neighborhood/Rutherfurd-Heights-Des-Moines-IA.html
"Salisbury Oaks neighborhood in Des Moines, IA",http://www.city-data.com/neighborhood/Salisbury-Oaks-Des-Moines-IA.html
"Sargent Heights neighborhood in Des Moines, IA",http://www.city-data.com/neighborhood/Sargent-Heights-Des-Moines-IA.html
"Sawyers Landing neighborhood in Des Moines, IA",http://www.city-data.com/neighborhood/Sawyers-Landing-Des-Moines-IA.html
"Saylorville neighborhood in Des Moines, IA",http://www.city-data.com/neighborhood/Saylorville-Des-Moines-IA.html
"Saylorville Heights neighborhood in Des Moines, IA",http://www.city-data.com/neighborhood/Saylorville-Heights-Des-Moines-IA.html
"Scenic Heights neighborhood in Des Moines, IA",http://www.city-data.com/neighborhood/Scenic-Heights-Des-Moines-IA.html
"Scenic neighborhood in West Des Moines, IA",http://www.city-data.com/neighborhood/Scenic-West-Des-Moines-IA.html
"Sharon Hills neighborhood in Des Moines, IA",http://www.city-data.com/neighborhood/Sharon-Hills-Des-Moines-IA.html
"Sharon Place neighborhood in Des Moines, IA",http://www.city-data.com/neighborhood/Sharon-Place-Des-Moines-IA.html
"Shawnee Acres neighborhood in Des Moines, IA",http://www.city-data.com/neighborhood/Shawnee-Acres-Des-Moines-IA.html
"Shawnee Park neighborhood in Des Moines, IA",http://www.city-data.com/neighborhood/Shawnee-Park-Des-Moines-IA.html
"Sheridan Park neighborhood in Des Moines, IA",http://www.city-data.com/neighborhood/Sheridan-Park-Des-Moines-IA.html
"Sheridan Plaza neighborhood in Des Moines, IA",http://www.city-data.com/neighborhood/Sheridan-Plaza-Des-Moines-IA.html
"Sherman Hill neighborhood in Des Moines, IA",http://www.city-data.com/neighborhood/Sherman-Hill-Des-Moines-IA.html
"Smith's Acres neighborhood in Des Moines, IA",http://www.city-data.com/neighborhood/Smith-s-Acres-Des-Moines-IA.html
"Somerset neighborhood in Des Moines, IA",http://www.city-data.com/neighborhood/Somerset-Des-Moines-IA.html
"South Fort Des Moines neighborhood in Des Moines, IA",http://www.city-data.com/neighborhood/South-Fort-Des-Moines-Des-Moines-IA.html
"South Meadows neighborhood in Des Moines, IA",http://www.city-data.com/neighborhood/South-Meadows-Des-Moines-IA.html
"South Park neighborhood in Des Moines, IA",http://www.city-data.com/neighborhood/South-Park-Des-Moines-IA.html
"South Park neighborhood in Des Moines, IA",http://www.city-data.com/neighborhood/South-Park-Des-Moines-IA.html
"South Riverside Park neighborhood in Des Moines, IA",http://www.city-data.com/neighborhood/South-Riverside-Park-Des-Moines-IA.html
"South View Acres neighborhood in Des Moines, IA",http://www.city-data.com/neighborhood/South-View-Acres-Des-Moines-IA.html
"Southcrest neighborhood in Des Moines, IA",http://www.city-data.com/neighborhood/Southcrest-Des-Moines-IA.html
"Southern Gardens neighborhood in Des Moines, IA",http://www.city-data.com/neighborhood/Southern-Gardens-Des-Moines-IA.html
"Southern Hills neighborhood in Des Moines, IA",http://www.city-data.com/neighborhood/Southern-Hills-Des-Moines-IA.html
"Southern Knolls neighborhood in Des Moines, IA",http://www.city-data.com/neighborhood/Southern-Knolls-Des-Moines-IA.html
"Southern Woods neighborhood in Des Moines, IA",http://www.city-data.com/neighborhood/Southern-Woods-Des-Moines-IA.html
"Southgate neighborhood in Des Moines, IA",http://www.city-data.com/neighborhood/Southgate-Des-Moines-IA.html
"Southgate Manor neighborhood in Des Moines, IA",http://www.city-data.com/neighborhood/Southgate-Manor-Des-Moines-IA.html
"Southmoor Gardens neighborhood in Des Moines, IA",http://www.city-data.com/neighborhood/Southmoor-Gardens-Des-Moines-IA.html
"Southpark Plaza neighborhood in Des Moines, IA",http://www.city-data.com/neighborhood/Southpark-Plaza-Des-Moines-IA.html
"Southridge neighborhood in Des Moines, IA",http://www.city-data.com/neighborhood/Southridge-Des-Moines-IA.html
"Southwestern Hills neighborhood in Des Moines, IA",http://www.city-data.com/neighborhood/Southwestern-Hills-Des-Moines-IA.html
"Southwick neighborhood in Des Moines, IA",http://www.city-data.com/neighborhood/Southwick-Des-Moines-IA.html
"Southwoods neighborhood in West Des Moines, IA",http://www.city-data.com/neighborhood/Southwoods-West-Des-Moines-IA.html
"Sposeto Heights neighborhood in Des Moines, IA",http://www.city-data.com/neighborhood/Sposeto-Heights-Des-Moines-IA.html
"Stuart To the City of West Des Moines neighborhood in West Des Moines, IA",http://www.city-data.com/neighborhood/Stuart-To-the-City-of-West-Des-Moines-West-Des-Moines-IA.html
"Summit Park neighborhood in Des Moines, IA",http://www.city-data.com/neighborhood/Summit-Park-Des-Moines-IA.html
"Summit View neighborhood in Des Moines, IA",http://www.city-data.com/neighborhood/Summit-View-Des-Moines-IA.html
"Summit Vista neighborhood in Des Moines, IA",http://www.city-data.com/neighborhood/Summit-Vista-Des-Moines-IA.html
"Sun Down Meadows neighborhood in Des Moines, IA",http://www.city-data.com/neighborhood/Sun-Down-Meadows-Des-Moines-IA.html
"Sun Prairie neighborhood in West Des Moines, IA",http://www.city-data.com/neighborhood/Sun-Prairie-West-Des-Moines-IA.html
"Sunnycrest neighborhood in Des Moines, IA",http://www.city-data.com/neighborhood/Sunnycrest-Des-Moines-IA.html
"Sunrise Park neighborhood in Des Moines, IA",http://www.city-data.com/neighborhood/Sunrise-Park-Des-Moines-IA.html
"Sunrise Pointe neighborhood in Des Moines, IA",http://www.city-data.com/neighborhood/Sunrise-Pointe-Des-Moines-IA.html
"Sunset Park neighborhood in Des Moines, IA",http://www.city-data.com/neighborhood/Sunset-Park-Des-Moines-IA.html
"Sunset Ridge neighborhood in Des Moines, IA",http://www.city-data.com/neighborhood/Sunset-Ridge-Des-Moines-IA.html
"Sylvan Heights neighborhood in Des Moines, IA",http://www.city-data.com/neighborhood/Sylvan-Heights-Des-Moines-IA.html
"The Knolls neighborhood in West Des Moines, IA",http://www.city-data.com/neighborhood/The-Knolls-West-Des-Moines-IA.html
"The Oaks at 35th neighborhood in West Des Moines, IA",http://www.city-data.com/neighborhood/The-Oaks-at-35th-West-Des-Moines-IA.html
"Thomas Heights neighborhood in Des Moines, IA",http://www.city-data.com/neighborhood/Thomas-Heights-Des-Moines-IA.html
"Thornton Heights neighborhood in Des Moines, IA",http://www.city-data.com/neighborhood/Thornton-Heights-Des-Moines-IA.html
"Thornton Place neighborhood in Des Moines, IA",http://www.city-data.com/neighborhood/Thornton-Place-Des-Moines-IA.html
"Thornwood neighborhood in West Des Moines, IA",http://www.city-data.com/neighborhood/Thornwood-West-Des-Moines-IA.html
"Three Fountains neighborhood in West Des Moines, IA",http://www.city-data.com/neighborhood/Three-Fountains-West-Des-Moines-IA.html
"Timberline Terrace neighborhood in Des Moines, IA",http://www.city-data.com/neighborhood/Timberline-Terrace-Des-Moines-IA.html
"Turnberry neighborhood in West Des Moines, IA",http://www.city-data.com/neighborhood/Turnberry-West-Des-Moines-IA.html
"Turner Place neighborhood in Des Moines, IA",http://www.city-data.com/neighborhood/Turner-Place-Des-Moines-IA.html
"Union Lawns neighborhood in Des Moines, IA",http://www.city-data.com/neighborhood/Union-Lawns-Des-Moines-IA.html
"Union Park neighborhood in Des Moines, IA",http://www.city-data.com/neighborhood/Union-Park-Des-Moines-IA.html
"Universal Place neighborhood in Des Moines, IA",http://www.city-data.com/neighborhood/Universal-Place-Des-Moines-IA.html
"University neighborhood in Des Moines, IA",http://www.city-data.com/neighborhood/University-Des-Moines-IA.html
"University Heights neighborhood in Des Moines, IA",http://www.city-data.com/neighborhood/University-Heights-Des-Moines-IA.html
"Valley High Manor neighborhood in Des Moines, IA",http://www.city-data.com/neighborhood/Valley-High-Manor-Des-Moines-IA.html
"Valley Junction neighborhood in West Des Moines, IA",http://www.city-data.com/neighborhood/Valley-Junction-West-Des-Moines-IA.html
"Van Vliet Meadows neighborhood in Des Moines, IA",http://www.city-data.com/neighborhood/Van-Vliet-Meadows-Des-Moines-IA.html
"Vandalia Acres neighborhood in Des Moines, IA",http://www.city-data.com/neighborhood/Vandalia-Acres-Des-Moines-IA.html
"Vernon Heights neighborhood in Des Moines, IA",http://www.city-data.com/neighborhood/Vernon-Heights-Des-Moines-IA.html
"Virginia Heights neighborhood in Des Moines, IA",http://www.city-data.com/neighborhood/Virginia-Heights-Des-Moines-IA.html
"Vista Grove neighborhood in Des Moines, IA",http://www.city-data.com/neighborhood/Vista-Grove-Des-Moines-IA.html
"Wakonda Club Knolls neighborhood in Des Moines, IA",http://www.city-data.com/neighborhood/Wakonda-Club-Knolls-Des-Moines-IA.html
"Wakonda Manor neighborhood in Des Moines, IA",http://www.city-data.com/neighborhood/Wakonda-Manor-Des-Moines-IA.html
"Walnut Hill neighborhood in Des Moines, IA",http://www.city-data.com/neighborhood/Walnut-Hill-Des-Moines-IA.html
"Waterbury neighborhood in Des Moines, IA",http://www.city-data.com/neighborhood/Waterbury-Des-Moines-IA.html
"Waterbury Park neighborhood in Des Moines, IA",http://www.city-data.com/neighborhood/Waterbury-Park-Des-Moines-IA.html
"Watrous Heights neighborhood in Des Moines, IA",http://www.city-data.com/neighborhood/Watrous-Heights-Des-Moines-IA.html
"Watrous Park neighborhood in Des Moines, IA",http://www.city-data.com/neighborhood/Watrous-Park-Des-Moines-IA.html
"Waveland Heights neighborhood in Des Moines, IA",http://www.city-data.com/neighborhood/Waveland-Heights-Des-Moines-IA.html
"Waveland Hills neighborhood in Des Moines, IA",http://www.city-data.com/neighborhood/Waveland-Hills-Des-Moines-IA.html
"Waveland Park neighborhood in Des Moines, IA",http://www.city-data.com/neighborhood/Waveland-Park-Des-Moines-IA.html
"Waveland Woods neighborhood in Des Moines, IA",http://www.city-data.com/neighborhood/Waveland-Woods-Des-Moines-IA.html
"Welker Woods neighborhood in Des Moines, IA",http://www.city-data.com/neighborhood/Welker-Woods-Des-Moines-IA.html
"Wessex neighborhood in Des Moines, IA",http://www.city-data.com/neighborhood/Wessex-Des-Moines-IA.html
"West Des Moines Heights neighborhood in West Des Moines, IA",http://www.city-data.com/neighborhood/West-Des-Moines-Heights-West-Des-Moines-IA.html
"West Glen neighborhood in West Des Moines, IA",http://www.city-data.com/neighborhood/West-Glen-West-Des-Moines-IA.html
"West Park neighborhood in Des Moines, IA",http://www.city-data.com/neighborhood/West-Park-Des-Moines-IA.html
"West Park neighborhood in West Des Moines, IA",http://www.city-data.com/neighborhood/West-Park-West-Des-Moines-IA.html
"West University Place neighborhood in Des Moines, IA",http://www.city-data.com/neighborhood/West-University-Place-Des-Moines-IA.html
"Westchester Manor neighborhood in Des Moines, IA",http://www.city-data.com/neighborhood/Westchester-Manor-Des-Moines-IA.html
"Western Hills Plat neighborhood in West Des Moines, IA",http://www.city-data.com/neighborhood/Western-Hills-Plat-West-Des-Moines-IA.html
"Westernwoods neighborhood in West Des Moines, IA",http://www.city-data.com/neighborhood/Westernwoods-West-Des-Moines-IA.html
"Westgate neighborhood in West Des Moines, IA",http://www.city-data.com/neighborhood/Westgate-West-Des-Moines-IA.html
"Westown neighborhood in West Des Moines, IA",http://www.city-data.com/neighborhood/Westown-West-Des-Moines-IA.html
"Westridge neighborhood in West Des Moines, IA",http://www.city-data.com/neighborhood/Westridge-West-Des-Moines-IA.html
"Westwood neighborhood in Des Moines, IA",http://www.city-data.com/neighborhood/Westwood-Des-Moines-IA.html
"Wetmore neighborhood in Des Moines, IA",http://www.city-data.com/neighborhood/Wetmore-Des-Moines-IA.html
"Whispering Pines neighborhood in Des Moines, IA",http://www.city-data.com/neighborhood/Whispering-Pines-Des-Moines-IA.html
"Whispering Pines East neighborhood in Des Moines, IA",http://www.city-data.com/neighborhood/Whispering-Pines-East-Des-Moines-IA.html
"White Oak Park neighborhood in Des Moines, IA",http://www.city-data.com/neighborhood/White-Oak-Park-Des-Moines-IA.html
"Whitewood Knoll neighborhood in Des Moines, IA",http://www.city-data.com/neighborhood/Whitewood-Knoll-Des-Moines-IA.html
"Willmore Wood neighborhood in Des Moines, IA",http://www.city-data.com/neighborhood/Willmore-Wood-Des-Moines-IA.html
"Willoughby Acres neighborhood in Des Moines, IA",http://www.city-data.com/neighborhood/Willoughby-Acres-Des-Moines-IA.html
"Willow Crest neighborhood in West Des Moines, IA",http://www.city-data.com/neighborhood/Willow-Crest-West-Des-Moines-IA.html
"Windover Woods neighborhood in Des Moines, IA",http://www.city-data.com/neighborhood/Windover-Woods-Des-Moines-IA.html
"Windsor Park neighborhood in Des Moines, IA",http://www.city-data.com/neighborhood/Windsor-Park-Des-Moines-IA.html
"Windsor Square neighborhood in Des Moines, IA",http://www.city-data.com/neighborhood/Windsor-Square-Des-Moines-IA.html
"Wirtz Park neighborhood in West Des Moines, IA",http://www.city-data.com/neighborhood/Wirtz-Park-West-Des-Moines-IA.html
"Wistful Vista neighborhood in West Des Moines, IA",http://www.city-data.com/neighborhood/Wistful-Vista-West-Des-Moines-IA.html
"Wood View Acres neighborhood in Des Moines, IA",http://www.city-data.com/neighborhood/Wood-View-Acres-Des-Moines-IA.html
"Wood's Edge neighborhood in Des Moines, IA",http://www.city-data.com/neighborhood/Wood-s-Edge-Des-Moines-IA.html
"Woodland Heights neighborhood in Des Moines, IA",http://www.city-data.com/neighborhood/Woodland-Heights-Des-Moines-IA.html
"Woodland Heights neighborhood in West Des Moines, IA",http://www.city-data.com/neighborhood/Woodland-Heights-West-Des-Moines-IA.html
"Woodland Park neighborhood in West Des Moines, IA",http://www.city-data.com/neighborhood/Woodland-Park-West-Des-Moines-IA.html
"Woodland Place neighborhood in Des Moines, IA",http://www.city-data.com/neighborhood/Woodland-Place-Des-Moines-IA.html
"Woods Park neighborhood in Des Moines, IA",http://www.city-data.com/neighborhood/Woods-Park-Des-Moines-IA.html
"Woods on the River neighborhood in Des Moines, IA",http://www.city-data.com/neighborhood/Woods-on-the-River-Des-Moines-IA.html
"Woodside Estates neighborhood in Des Moines, IA",http://www.city-data.com/neighborhood/Woodside-Estates-Des-Moines-IA.html
"Wrenwood neighborhood in Des Moines, IA",http://www.city-data.com/neighborhood/Wrenwood-Des-Moines-IA.html
"Wright's Grove neighborhood in Des Moines, IA",http://www.city-data.com/neighborhood/Wright-s-Grove-Des-Moines-IA.html
"Yoder Acres neighborhood in Des Moines, IA",http://www.city-data.com/neighborhood/Yoder-Acres-Des-Moines-IA.html
"Zelda Acres neighborhood in West Des Moines, IA",http://www.city-data.com/neighborhood/Zelda-Acres-West-Des-Moines-IA.html
